UNIQUE_ID,REPONAME,ISSUE_TYPE,FILE_PATH,LINT_MSG,LHDIFF_LINE_TRACING,START_COMMIT_ID,START_COMMIT_MSG,START_COMMIT_TIMESTAMP,END_COMMIT_ID,END_COMMIT_MSG,END_COMMIT_TIMESTAMP,REMOVAL_COMMIT_ID,REMOVAL_COMMIT_MSG,REMOVAL_COMMIT_TIMESTAMP,CATEOGARY,ISSUE_STATUS,ISSUE_SURVIVED_TIME,DEDICATED_RESOLUTION,NO_OF_LINES_CHANGED
800081,Anasthase/TintBrowser,UseValueOf,src/org/tint/model/UrlSuggestionItemComparator.java,Use Float.valueOf(object2.getNote()) instead,[28]Float value2 = new Float(object2.getNote()); ->[28]Float value2 = new Float(object2.getNote());,80e069d,Init repo,1329242531,38031ec,Various UI updates; keep selected/tab folder in bookmarks/history activity when orientation change; Differents margins for portrait/landscape.,1332443661,d6f86cd,Correct lint warnings.,1332445770,Communication,0,3203239,1,4
800082,Anasthase/TintBrowser,UseValueOf,src/org/tint/model/UrlSuggestionItemComparator.java,Use Float.valueOf(object1.getNote()) instead,[27]Float value1 = new Float(object1.getNote()); ->[27]Float value1 = new Float(object1.getNote());,80e069d,Init repo,1329242531,38031ec,Various UI updates; keep selected/tab folder in bookmarks/history activity when orientation change; Differents margins for portrait/landscape.,1332443661,d6f86cd,Correct lint warnings.,1332445770,Communication,0,3203239,1,4
800083,Anasthase/TintBrowser,FloatMath,src/org/tint/ui/preferences/WebsitesSettingsFragment.java,Use java.lang.Math#ceil instead of android.util.FloatMath#ceil() since it is faster as of API 8,[219]int truncated = (int) FloatMath.ceil(megabytes * 10.0F); ->[219]int truncated = (int) FloatMath.ceil(megabytes * 10.0F);,d6f86cd,Correct lint warnings.,1332445770,f941482,Merge pull request #11 from PromyLOPh/translation Update german translation,1358324471,d8ab498,Change suggestions to improve performances.,1358362741,Communication,0,25916971,1,3
800511,thelollies/MPC,Recycle,MPC/src/thelollies/mpc/library/SongDatabase.java,This Cursor should be freed up after use with #close(),[268]Cursor cursor = db.rawQuery(selectQuery null); ->[268]Cursor cursor = db.rawQuery(selectQuery null);,6cf202e,Initial commit.,1361756679,190e5bd,Remove volume control from 'non-existing' features,1399165948,3ccc1b4,Removed MPC library from source (now in its own repository... see readme for details). Completely decoupled MPC library from the app. Converted most functions to be synchronous which decreases UI thread lag and means updates to volume/playing/shuffle only happen when the server registers them. Made database update trainsactional which has drastically improved performance and reliability.,1399263165,Music and audio,0,37506486,1,93
800513,thelollies/MPC,Recycle,MPC/src/thelollies/mpc/library/SongDatabase.java,This Cursor should be freed up after use with #close(),[196]Cursor cursor = db.rawQuery(selectQuery null); ->[196]Cursor cursor = db.rawQuery(selectQuery null);,6cf202e,Initial commit.,1361756679,190e5bd,Remove volume control from 'non-existing' features,1399165948,3ccc1b4,Removed MPC library from source (now in its own repository... see readme for details). Completely decoupled MPC library from the app. Converted most functions to be synchronous which decreases UI thread lag and means updates to volume/playing/shuffle only happen when the server registers them. Made database update trainsactional which has drastically improved performance and reliability.,1399263165,Music and audio,0,37506486,1,93
800514,thelollies/MPC,Recycle,MPC/src/thelollies/mpc/library/SongDatabase.java,This Cursor should be freed up after use with #close(),[163]Cursor cursor = db.rawQuery(selectQuery null); ->[163]Cursor cursor = db.rawQuery(selectQuery null);,6cf202e,Initial commit.,1361756679,190e5bd,Remove volume control from 'non-existing' features,1399165948,3ccc1b4,Removed MPC library from source (now in its own repository... see readme for details). Completely decoupled MPC library from the app. Converted most functions to be synchronous which decreases UI thread lag and means updates to volume/playing/shuffle only happen when the server registers them. Made database update trainsactional which has drastically improved performance and reliability.,1399263165,Music and audio,0,37506486,1,93
800515,thelollies/MPC,Recycle,MPC/src/thelollies/mpc/library/SongDatabase.java,This Cursor should be freed up after use with #close(),[136]Cursor cursor = db.rawQuery(selectQuery null); ->[136]Cursor cursor = db.rawQuery(selectQuery null);,6cf202e,Initial commit.,1361756679,190e5bd,Remove volume control from 'non-existing' features,1399165948,3ccc1b4,Removed MPC library from source (now in its own repository... see readme for details). Completely decoupled MPC library from the app. Converted most functions to be synchronous which decreases UI thread lag and means updates to volume/playing/shuffle only happen when the server registers them. Made database update trainsactional which has drastically improved performance and reliability.,1399263165,Music and audio,0,37506486,1,93
800516,thelollies/MPC,Recycle,MPC/src/thelollies/mpc/library/SongDatabase.java,This Cursor should be freed up after use with #close(),[106]Cursor cursor = db.rawQuery(selectQuery null); ->[106]Cursor cursor = db.rawQuery(selectQuery null);,6cf202e,Initial commit.,1361756679,190e5bd,Remove volume control from 'non-existing' features,1399165948,3ccc1b4,Removed MPC library from source (now in its own repository... see readme for details). Completely decoupled MPC library from the app. Converted most functions to be synchronous which decreases UI thread lag and means updates to volume/playing/shuffle only happen when the server registers them. Made database update trainsactional which has drastically improved performance and reliability.,1399263165,Music and audio,0,37506486,1,93
800517,thelollies/MPC,Recycle,MPC/src/thelollies/mpc/library/SongDatabase.java,This Cursor should be freed up after use with #close(),[230]Cursor cursor = db.rawQuery(selectQuery null); ->[230]Cursor cursor = db.rawQuery(selectQuery null);,d52bfde,Massive UI overhaul to use ActionBarSherlock tab layout which is more efficient and provides better compatibility for earlier devices. Bug fixes. Added volume feature. Revamped settings page.,1398846832,190e5bd,Remove volume control from 'non-existing' features,1399165948,3ccc1b4,Removed MPC library from source (now in its own repository... see readme for details). Completely decoupled MPC library from the app. Converted most functions to be synchronous which decreases UI thread lag and means updates to volume/playing/shuffle only happen when the server registers them. Made database update trainsactional which has drastically improved performance and reliability.,1399263165,Music and audio,0,416333,1,93
800746,BlochsTech/BitcoinCardTerminal,HandlerLeak,src/kankan/wheel/widget/WheelScroller.java,This Handler class should be static or leaks might occur (anonymous android.os.Handler),[199]private Handler animationHandler = new Handler() { ->[199]private Handler animationHandler = new Handler() {,0481f76,Create This is the eclipse project of the open source Android BOBC terminal app from my workspace.,1430229019,5102b9e,Merge pull request #2 from BlochsTech/Development Development,1436617135,d8e6696,Code review of QR stuff Went through new QR code and optimized it... added try catches and removed all warnings.,1437815378,Business,0,7586359,1,252
801537,axkr/hblog,UseSparseArrays,HBLog/src/com/google/code/hblog/DBHelper.java,Use new SparseArray<GoalStatData>(...) instead for better performance,[525]Map<Integer GoalStatData> result = new HashMap<Integer GoalStatData>(); ->[525]Map<Integer GoalStatData> result = new HashMap<Integer GoalStatData>();,3b3ac8a,initial version,1328447386,e45fd51,Delete unused code/resources,1333648657,f0293f4,Android lint check changes,1333650438,Communication,0,5203052,1,36
801588,byterom/android_external_whispersystems_TextSecure,UseValueOf,src/org/thoughtcrime/securesms/database/ThreadDatabase.java,Use Long.valueOf(DatabaseFactory.getAddressDatabase(context).getCanonicalAddress(number)) instead,[65]recipientSet.add(new Long(DatabaseFactory.getAddressDatabase(context).getCanonicalAddress(number))); ->[65]recipientSet.add(new Long(DatabaseFactory.getAddressDatabase(context).getCanonicalAddress(number)));,bbea3fe,Initial Project Import,1324405244,d102bd0,Transifex Schema,1347227464,3d3db42,Lint warning changes.,1347232246,Communication,0,22827002,1,130
801589,byterom/android_external_whispersystems_TextSecure,UseValueOf,src/org/thoughtcrime/securesms/database/SmsDatabase.java,Use Long.valueOf(System.currentTimeMillis()) instead,[88]values.put(DATE new Long(System.currentTimeMillis())); ->[88]values.put(DATE new Long(System.currentTimeMillis()));,bbea3fe,Initial Project Import,1324405244,d102bd0,Transifex Schema,1347227464,3d3db42,Lint warning changes.,1347232246,Communication,0,22827002,1,148
801590,byterom/android_external_whispersystems_TextSecure,UseValueOf,src/org/thoughtcrime/securesms/sms/MultipartMessageHandler.java,Use Integer.valueOf((currentId.intValue() + 1) % 255) instead,[180]idMap.put(recipient new Integer((currentId.intValue() + 1) % 255)); ->[180]idMap.put(recipient new Integer((currentId.intValue() + 1) % 255));,bbea3fe,Initial Project Import,1324405244,d102bd0,Transifex Schema,1347227464,3d3db42,Lint warning changes.,1347232246,Communication,0,22827002,1,119
801591,byterom/android_external_whispersystems_TextSecure,UseValueOf,src/org/thoughtcrime/securesms/sms/MultipartMessageHandler.java,Use Integer.valueOf(0) instead,[176]currentId = new Integer(0);    ->[176]currentId = new Integer(0);,bbea3fe,Initial Project Import,1324405244,d102bd0,Transifex Schema,1347227464,3d3db42,Lint warning changes.,1347232246,Communication,0,22827002,1,119
801592,byterom/android_external_whispersystems_TextSecure,UseValueOf,src/org/thoughtcrime/securesms/contacts/ContactAccessorNewApi.java,Use Long.valueOf(cursor.getLong(0)) instead,[188]rawContactIds.add(new Long(cursor.getLong(0))); ->[188]rawContactIds.add(new Long(cursor.getLong(0)));,bbea3fe,Initial Project Import,1324405244,d102bd0,Transifex Schema,1347227464,3d3db42,Lint warning changes.,1347232246,Communication,0,22827002,1,2
801593,byterom/android_external_whispersystems_TextSecure,UseValueOf,src/org/thoughtcrime/securesms/database/CanonicalAddressDatabase.java,Use Long.valueOf(addressCache.get(address)) instead,[122]return new Long(addressCache.get(address)); ->[122]return new Long(addressCache.get(address));,bbea3fe,Initial Project Import,1324405244,d102bd0,Transifex Schema,1347227464,3d3db42,Lint warning changes.,1347232246,Communication,0,22827002,1,2
801604,Odoo-mobile/messaging,Recycle,src/com/openerp/orm/ORM.java,This Cursor should be freed up after use with #close(),[1318]Cursor cursor = dbHelper.query(modelToTable(db.getModelName()) ->[1318]Cursor cursor = dbHelper.query(modelToTable(db.getModelName()),4312662,[ADD]: INIT Projecty,1377608595,2a97712,[ADD] add about company details,1378882548,c61d668,[IMP] improved code in ORM for handle many2many and many2one record sync with server (Performance improved),1378899086,Business,0,1290491,0,28
801606,Odoo-mobile/messaging,UseSparseArrays,src/com/openerp/addons/messages/Message.java,Use new SparseIntArray(...) instead for better performance,[331]@Override                      ->[848]@Override,4312662,[ADD]: INIT Projecty,1377608595,e4d956a,[IMP] swipe library and method name updates,1390900376,87b89f9,[IMP] Improved performance of Message module. Code improved. Starred... make (un)read improved,1391173853,Business,0,13565258,0,1313
801607,Odoo-mobile/messaging,UseSparseArrays,src/com/openerp/addons/messages/Message.java,Use new SparseBooleanArray(...) instead for better performance,[308]// Setting multi choice selection listener ->DEL,4312662,[ADD]: INIT Projecty,1377608595,e4d956a,[IMP] swipe library and method name updates,1390900376,87b89f9,[IMP] Improved performance of Message module. Code improved. Starred... make (un)read improved,1391173853,Business,0,13565258,0,1313
801856,shlusiak/Freebloks-Android,Recycle,src/de/saschahlusiak/freebloks/game/FreebloksActivity.java,This Parcel should be recycled after use with #recycle(),[561]Parcel p = Parcel.obtain();    ->[561]Parcel p = Parcel.obtain();,6bb4d7b,first... rough resume support,1356441469,18d59c7,lobby: auto fit colorGrid columns in portrait mode... prettier 2 player 2 color mode,1374582913,ec65540,fix lint warnings,1374584320,Games,0,18142851,1,4
801857,shlusiak/Freebloks-Android,Recycle,src/de/saschahlusiak/freebloks/game/FreebloksActivity.java,This Parcel should be recycled after use with #recycle(),[523]Parcel p = Parcel.obtain();    ->[523]Parcel p = Parcel.obtain();,f1d48f7,add GameMenu Dialog in FreebloksActivity... skip StartScreenActivity,1360675968,18d59c7,lobby: auto fit colorGrid columns in portrait mode... prettier 2 player 2 color mode,1374582913,ec65540,fix lint warnings,1374584320,Games,0,13908352,1,4
801878,romero4742/AndroidCrazyFlieTwitch,FloatMath,src/com/MobileAnarchy/Android/Widgets/Joystick/JoystickView.java,Use java.lang.Math#sqrt instead of android.util.FloatMath#sqrt() since it is faster as of API 8,[318]double radial = FloatMath.sqrt((diffX*diffX) + (diffY*diffY)); ->[318]double radial = FloatMath.sqrt((diffX*diffX) + (diffY*diffY));,a826b1c,Send commander command to start the motors and added some project files,1357902069,22f96f6,Fixed issue #14 - Added workaround,1371952273,09236b2,Fixed Lint warnings,1372005968,Entertainment,0,14103899,1,2
801884,chaosbastler/opentraining,UseSparseArrays,src/de/skubware/opentraining/EditWorkoutActivity.java,Use new SparseIntArray(...) instead for better performance,[53]private Map<Integer Integer> columnWidthMap = new HashMap<Integer Integer>(); ->[53]private Map<Integer Integer> columnWidthMap = new HashMap<Integer Integer>();,f88bc5c,First project commit. Finally started a git repo. Licence still missing. Signed-off-by: <Christian Skubich>,1345455343,d26d1d2,Licenses added(GPL 3). Added the license to each source code file. Started to fix some warnings of Lint.,1345457292,7209a7e,Fixed some minor issues shown by Lint. E.g. hardcodes strings... imports... ...,1345467358,Health and Fitness,0,12015,1,6
801935,lordi/tickmate,DrawAllocation,src/de/smasi/tickmate/views/SummaryGraph.java,Avoid object allocations during draw/layout operations (preallocate and reuse instead),[88]Path p = new Path();            ->[88]Path p = new Path();,ed8bea7,Merge branch 'master' into multiple_ticks,1391547927,e63240d,Upcoming version will be 1.1.0 The minor version will always be increased when there is a DB or API update,1391547985,cb53504,Cleanup and get rid of some deprecation warnings,1391948662,Lifestyle,0,400735,1,28
802013,LukeStonehm/LogicalDefence,ViewHolder,app/src/main/java/za/co/lukestonehm/logicaldefence/FallacyListAdapter.java,Unconditional layout inflation from view adapter: Should use View Holder pattern (use recycled view passed into this method as the second parameter) for smoother scrolling,[46]view = mInflater.inflate(R.layout.list_item null); ->[46]view = mInflater.inflate(R.layout.list_item null);,cda0641,FIXED: #bug causing list items to repeat ADDED: #page 3 & 4,1421595899,1d3772a,CHANGED:  #appeal to authority definition version with wolfgangus - this correction needs to be translated,1426968013,9312039,"FIXED:    #re-use view if already exists, this will increase performance a little",1427043756,Education,0,5447857,1,3
800270,mchow01/FingerDoodle,DrawAllocation,src/edu/cs/tufts/mchow/FingerDoodleView.java,Avoid object allocations during draw/layout operations (preallocate and reuse instead),[67]Paint backgroundPaint = new Paint(); ->[67]Paint backgroundPaint = new Paint();,9b37ab0,First commit... sad to say,1297656879,6c8c599,Integrated Crashlytics,1361768052,15c6432,Fixed NullPointerException at FingerDoodleView.java line 67 edu.cs.tufts.mchow.FingerDoodleView.onDraw,1363808249,Tools,0,66151370,1,16
800291,Mikuz/Boarder,DrawAllocation,src/fi/mikuz/boarder/gui/GraphicalSoundboardEditor.java,Avoid object allocations during draw/layout operations (preallocate and reuse instead),[2584]Paint outerLinePaint = new Paint(); { ->[2584]Paint outerLinePaint = new Paint(); {,2aae956,Boarder 0.10,1336160518,8b11d3b,Moved pagination to separate class. Fixed page moving affecting both orientations.,1358692029,9dec49e,Moved page drawing to separate class.,1358700239,Media & Video,0,22539721,0,170
800292,Mikuz/Boarder,DrawAllocation,src/fi/mikuz/boarder/gui/GraphicalSoundboardEditor.java,Avoid object allocations during draw/layout operations (preallocate and reuse instead),[2583]Paint linePaint = new Paint(); ->[2583]Paint linePaint = new Paint();,2aae956,Boarder 0.10,1336160518,8b11d3b,Moved pagination to separate class. Fixed page moving affecting both orientations.,1358692029,9dec49e,Moved page drawing to separate class.,1358700239,Media & Video,0,22539721,0,170
800293,Mikuz/Boarder,DrawAllocation,src/fi/mikuz/boarder/gui/GraphicalSoundboardEditor.java,Avoid object allocations during draw/layout operations (preallocate and reuse instead),[2575]sound.setImage(BitmapFactory.decodeResource(getResources() R.drawable.sound)); ->[2575]sound.setImage(BitmapFactory.decodeResource(getResources() R.drawable.sound));,2aae956,Boarder 0.10,1336160518,8b11d3b,Moved pagination to separate class. Fixed page moving affecting both orientations.,1358692029,9dec49e,Moved page drawing to separate class.,1358700239,Media & Video,0,22539721,0,170
800294,Mikuz/Boarder,DrawAllocation,src/fi/mikuz/boarder/gui/GraphicalSoundboardEditor.java,Avoid object allocations during draw/layout operations (preallocate and reuse instead),[2553]RectF imageRect = new RectF(); ->[2553]RectF imageRect = new RectF();,2aae956,Boarder 0.10,1336160518,8b11d3b,Moved pagination to separate class. Fixed page moving affecting both orientations.,1358692029,9dec49e,Moved page drawing to separate class.,1358700239,Media & Video,0,22539721,0,170
800295,Mikuz/Boarder,DrawAllocation,src/fi/mikuz/boarder/gui/GraphicalSoundboardEditor.java,Avoid object allocations during draw/layout operations (preallocate and reuse instead),[2527]SoundNameDrawing soundNameDrawing = new SoundNameDrawing(sound); ->[2527]SoundNameDrawing soundNameDrawing = new SoundNameDrawing(sound);,2aae956,Boarder 0.10,1336160518,8b11d3b,Moved pagination to separate class. Fixed page moving affecting both orientations.,1358692029,9dec49e,Moved page drawing to separate class.,1358700239,Media & Video,0,22539721,0,170
800296,Mikuz/Boarder,DrawAllocation,src/fi/mikuz/boarder/gui/GraphicalSoundboardEditor.java,Avoid object allocations during draw/layout operations (preallocate and reuse instead),[2510]Paint barPaint = new Paint(); ->[2510]Paint barPaint = new Paint();,2aae956,Boarder 0.10,1336160518,8b11d3b,Moved pagination to separate class. Fixed page moving affecting both orientations.,1358692029,9dec49e,Moved page drawing to separate class.,1358700239,Media & Video,0,22539721,0,170
800298,Mikuz/Boarder,DrawAllocation,src/fi/mikuz/boarder/gui/GraphicalSoundboardEditor.java,Avoid object allocations during draw/layout operations (preallocate and reuse instead),[2493]Paint bgImage = new Paint();  ->[2493]Paint bgImage = new Paint();,2aae956,Boarder 0.10,1336160518,8b11d3b,Moved pagination to separate class. Fixed page moving affecting both orientations.,1358692029,9dec49e,Moved page drawing to separate class.,1358700239,Media & Video,0,22539721,0,170
800299,Mikuz/Boarder,DrawAllocation,src/fi/mikuz/boarder/gui/GraphicalSoundboardEditor.java,Avoid object allocations during draw/layout operations (preallocate and reuse instead),[2489]RectF bitmapRect = new RectF(); ->[2489]RectF bitmapRect = new RectF();,2aae956,Boarder 0.10,1336160518,8b11d3b,Moved pagination to separate class. Fixed page moving affecting both orientations.,1358692029,9dec49e,Moved page drawing to separate class.,1358700239,Media & Video,0,22539721,0,170
800301,Mikuz/Boarder,DrawAllocation,src/fi/mikuz/boarder/gui/GraphicalSoundboardEditor.java,Avoid object allocations during draw/layout operations (preallocate and reuse instead),[2500]mGsb.setBackgroundImage(BitmapFactory.decodeResource(getResources() R.drawable.sound)); ->[2500]mGsb.setBackgroundImage(BitmapFactory.decodeResource(getResources() R.drawable.sound));,a512e39,Added a custom bitmap decoder to avoid and improve memory errors with enormous images and large amount of huge images. Improved editor destroying to avoid crashes.,1339625297,8b11d3b,Moved pagination to separate class. Fixed page moving affecting both orientations.,1358692029,9dec49e,Moved page drawing to separate class.,1358700239,Media & Video,0,19074942,0,170
800305,Mikuz/Boarder,DrawAllocation,src/fi/mikuz/boarder/gui/BoardEditor.java,Avoid object allocations during draw/layout operations (preallocate and reuse instead),[2505]ArrayList<GraphicalSound> drawList = new ArrayList<GraphicalSound>(); ->[2505]ArrayList<GraphicalSound> drawList = new ArrayList<GraphicalSound>();,e18944e,Responsive joystick. Smoother joystick image.,1357523337,8b11d3b,Moved pagination to separate class. Fixed page moving affecting both orientations.,1358692029,9dec49e,Moved page drawing to separate class.,1358700239,Media & Video,0,1176902,0,170
810594,grchld/rftg-scorer,DrawAllocation,src/org/rftg/scorer/UserInterfaceView.java,Avoid object allocations during draw/layout operations (preallocate and reuse instead),[61]Paint paint = new Paint();      ->DEL,6529afd,Prepared samples,1384651849,6529afd,Prepared samples,1384651849,341188c,Redrawing interface,1384734286,Entertainment,0,82437,1,61
800127,andhikai/ferticalc,Recycle,src/de/arnowelzel/android/periodical/PeriodicalDatabase.java,This Cursor should be freed up after use with #close(),[257]Cursor result = db.rawQuery(statement null); ->[351]Cursor result = db.rawQuery(statement null);,c4dc5c2,Target version changed to API-Level 17 and updated layout to provide better support for newer Android versions (Issue #13). Detailed list now also displays the cycle lengths (Issue #14).,1356471118,539f821,Added app icon for xhdpi density and added baseline icons again (Issue #18),1364744555,8.84E+07,Implemented interactive details list (Issue #17) Bugfix: Added missing Cursor.close() to PeriodicalDatabase.loadRawData(),1364750553,Health and Fitness,0,8279435,1,25
800464,SunyataZero/KindMind,Recycle,src/com/sunyata/kindmind/Utils.java,This Cursor should be freed up after use with #close(),[158]Cursor tmpCursor = inContext.getContentResolver().query( ->[159]Cursor tmpCursor = inContext.getContentResolver().query(,76060ea,BIG COMMIT: ALL PROBLEMS WITH MARKING CHECKBOXES HAVE BEEN SOLVED. Solution by modifying the getView method in the custom adapter in ListFragmentC,1390247663,76060ea,BIG COMMIT: ALL PROBLEMS WITH MARKING CHECKBOXES HAVE BEEN SOLVED. Solution by modifying the getView method in the custom adapter in ListFragmentC,1390247663,3112149,X needs toasts X CursorWrapperInner Cursor finalized without prior close(),1390335782,Lifestyle,0,88119,1,4
800465,SunyataZero/KindMind,Recycle,src/com/sunyata/kindmind/Utils.java,This Cursor should be freed up after use with #close(),[169]tmpCursor = inContext.getContentResolver().query(tmpUri null null null null); ->[169]tmpCursor = inContext.getContentResolver().query(tmpUri null null null null);,f54714a,X alphabeta sort,1390346120,5be46f4,...,1392548231,b85c68c,Closing cursors (excepting those for loaders or adapters),1392550345,Lifestyle,0,2204225,1,4
800466,SunyataZero/KindMind,Recycle,src/com/sunyata/kindmind/Utils.java,This Cursor should be freed up after use with #close(),[343]Cursor tmpCursor = inContext.getContentResolver().query( ->[343]Cursor tmpCursor = inContext.getContentResolver().query(,6a47c03,"X Refactoring of sorting X Added a new enum for help with sorting ""SortTypeM"" X Solved the dissappearing action bar items bug X Refactoring of the sorting algorithm... now faster",1391949597,5be46f4,...,1392548231,b85c68c,Closing cursors (excepting those for loaders or adapters),1392550345,Lifestyle,0,600748,1,4
800468,SunyataZero/KindMind,Recycle,src/com/sunyata/kindmind/NotificationServiceC.java,This Cursor should be freed up after use with #close(),[51]Cursor tmpCursor = inContext.getContentResolver().query( ->[66]Cursor tmpCursor = inContext.getContentResolver().query(,f54714a,X alphabeta sort,1390346120,5be46f4,...,1392548231,b85c68c,Closing cursors (excepting those for loaders or adapters),1392550345,Lifestyle,0,2204225,1,8
800469,SunyataZero/KindMind,Recycle,src/com/sunyata/kindmind/WidgetAndNotifications/NotificationServiceC.java,This Cursor should be freed up after use with #close(),[85]Cursor tmpCursor = inContext.getContentResolver().query( ->DEL,f54714a,X alphabeta sort,1390346120,5be46f4,...,1392548231,b85c68c,Closing cursors (excepting those for loaders or adapters),1392550345,Lifestyle,0,2204225,1,8
800470,SunyataZero/KindMind,Recycle,src/com/sunyata/kindmind/WidgetAndNotifications/NotificationServiceC.java,This Cursor should be freed up after use with #close(),[202]Cursor tmpCursor = tmpContext.getContentResolver().query(tmpItemUri null null null null); ->[202]Cursor tmpCursor = tmpContext.getContentResolver().query(tmpItemUri null null null null);,5.10E+11,0.14.13_BETA Notification improvement so that the user can see missed notifications,1393949159,fd8cde0,Two changes: for fragments... set retaininstance to false. for sorting algorithm... moved update to after cursor has been closed,1394025148,401ca57,Two changes: (1) In ListFragmentC.onCreateView we now call the super method (but without using the return value since this is already done by ourselves). (2) Closed a cursor and reorganized the NotificationServiceC class. The unclosed cursor may have been the cause of a bug reported in google play,1394033814,Lifestyle,0,84655,1,27
800474,SunyataZero/KindMind,Recycle, src/com/sunyata/kindmind/Details/ItemSetupFragmentC.java,This Cursor should be freed up after use with #close(),[126]Cursor tmpCursor = getActivity().getApplicationContext().getContentResolver().query( ->[126]Cursor tmpItemCur = getActivity().getApplicationContext().getContentResolver().query(,f54714a,X alphabeta sort,1390346120,5be46f4,...,1392548231,b85c68c,Closing cursors (excepting those for loaders or adapters),1392550345,Lifestyle,0,2204225,1,47
800476,SunyataZero/KindMind,Recycle, src/com/sunyata/kindmind/Details/ItemSetupFragmentC.java,This Cursor should be freed up after use with #close(),[497]Cursor tmpCursor = getActivity().getContentResolver().query(refItemUri null null null null); ->[483]Cursor tmpCursor = getActivity().getContentResolver().query(refItemUri null null null null);,23957c5,X 1. remove action X 2. Fix the daily reminder X 3. Add the time in the righthand side button X 4. Delete list item (from menu),1391001572,5be46f4,...,1392548231,b85c68c,Closing cursors (excepting those for loaders or adapters),1392550345,Lifestyle,0,1548773,1,47
800494,uberspot/AnagramSolver,Recycle,src/com/as/anagramsolver/DictionaryDBCreator.java,This Cursor should be freed up after use with #close(),[164]Cursor cursor = getReadableDatabase().rawQuery(selectQuery null); ->[164]Cursor cursor = getReadableDatabase().rawQuery(selectQuery null);,1616c55,initial commit,1365499466,e183274,added storageutils library,1383500525,be502aa,close cursors after using them,1384514058,Games,0,19014592,1,25
800604,marcioapaiva/mocos-controlator,Recycle,src/com/marcioapf/mocos/SQLHelper.java,This Cursor should be freed up after use with #close(),[141]Cursor cursor = db.query(TABLE_NAME from null null null null order); ->[117]Cursor cursor = db.query(TABLE_NAME null null null null null _ID);,d4f6de6,Implementada a leitura do SQLite. Falta bastante cleanup,1361997312,7aa3fc8,Changing version to 1.1 Changed versionCode and versionName to adequate values of this new release (code=3... name=1.1) Also removing unnecessary Write to SD permission.,1369959336,b2feb3f,Changing the way we parse the SQL query result Parsing the cursor using the column names instead of the index of an array that we pass as a parameter to the query. The way we were doing caused many trouble if we wanted to change the columns for example.,1369965493,Productivity,0,7968181,0,72
800606,marcioapaiva/mocos-controlator,Recycle,src/com/marcioapf/mocos/SQLHelper.java,This Cursor should be freed up after use with #close(),"[114]Cursor cursor = db.query(TABLE_NAME from _ID+""=""+id null null null order); ->[106]Cursor cursor = db.query(TABLE_NAME null _ID+""=""+id null null null _ID);",08011a4,Tudo implementado com SQLite. Um pouco de cleanup realizado. Ainda falta limpar um pouco o codigo.,1362010469,7aa3fc8,Changing version to 1.1 Changed versionCode and versionName to adequate values of this new release (code=3... name=1.1) Also removing unnecessary Write to SD permission.,1369959336,b2feb3f,Changing the way we parse the SQL query result Parsing the cursor using the column names instead of the index of an array that we pass as a parameter to the query. The way we were doing caused many trouble if we wanted to change the columns for example.,1369965493,Productivity,0,7955024,0,72
801389,chunmeng/StorageWidget,Recycle,src/com/tempura/storagewidget/BetterStorageWidgetProvider.java,This Cursor should be freed up after use with #close(),[136]final Cursor c = r.query(StorageDataProvider.CONTENT_URI null null null ->[136]final Cursor c = r.query(StorageDataProvider.CONTENT_URI null null null,bd92209,Checkpoint 2012-12-16. Not compile,1355674129,bd92209,Checkpoint 2012-12-16. Not compile,1355674129,9e67a64,Partial checkpoint: cursor works. implementing df to scan external storage,1355735538,Tools,0,61409,0,38
801486,busradar/busradar,Recycle,android-project/src/busradar/madison/G.java,This Cursor should be freed up after use with #close(),"[106]Cursor c = db.rawQuery(""SELECT version FROM db_version"" null); ->[106]Cursor c = db.rawQuery(""SELECT version FROM db_version"" null);",24ce861,Initial commit,1300943790,a12001f,Added tag 1.0.14 for changeset eab851788dc7,1318482104,404b725,Cursor not closed after reading. Weakened SSL validation in transit tracker scapper. Update to version 1.0.15.,1318487673,Travel & Local,0,17543883,0,4
801654,Odoo-mobile/messaging,Recycle,src/com/odoo/base/ir/Attachment.java,This Cursor should be freed up after use with #close(),[213]Cursor cursor = mContext.getContentResolver().query(uri null ->[213]Cursor cursor = mContext.getContentResolver().query(uri null,aef829e,[ADD] added cursor loader support... Sync with adapter and content provider,1408970904,aef829e,[ADD] added cursor loader support... Sync with adapter and content provider,1408970904,3e4a831,Merge branch 'master' of https://github.com/Odoo-mobile/framework into master-framework-cursor-loader-dpr,1408971481,Business,0,577,0,513
801867,Zyg0te/FuelPlanner,Recycle,Android/xFuel/app/src/main/java/com/connectutb/xfuel/tools/AircraftManager.java,This Cursor should be freed up after use with #close(),[40]Cursor s = context.getContentResolver().query(QUERY_AIRCRAFT_ITEM null null null null); ->[40]Cursor s = context.getContentResolver().query(QUERY_AIRCRAFT_ITEM null null null null);,7d931e7,Started working on fuel plan generation.,1440765799,9439bd1,Android: Interface declaration improvement,1452506585,16d5dcf,Android: Close aircraft cursor properly.,1452506789,Tools,0,11740990,1,2
801903,username115/FRCScouting,Recycle,src/org/frc836/database/DBSyncService.java,This Cursor should be freed up after use with #close(),[1190]Cursor c = db.query(          ->[1190]Cursor c = db.query(,5.15E+08,Added code to process a sync or fullsync response from the server,1391881667,f6a6e99,Updated version to 2.2014.1.8,1396024589,7e99158,Cursors are now properly closed when they are done being used.,1396099362,Education,0,4217695,1,578
801904,username115/FRCScouting,Recycle,src/org/frc836/database/DBSyncService.java,This Cursor should be freed up after use with #close(),[1121]Cursor c = db.query(          ->[1121]Cursor c = db.query(,5.15E+08,Added code to process a sync or fullsync response from the server,1391881667,f6a6e99,Updated version to 2.2014.1.8,1396024589,7e99158,Cursors are now properly closed when they are done being used.,1396099362,Education,0,4217695,1,578
801905,username115/FRCScouting,Recycle,src/org/frc836/database/DBSyncService.java,This Cursor should be freed up after use with #close(),[1053]Cursor c = db.query(          ->[1053]Cursor c = db.query(,5.15E+08,Added code to process a sync or fullsync response from the server,1391881667,f6a6e99,Updated version to 2.2014.1.8,1396024589,7e99158,Cursors are now properly closed when they are done being used.,1396099362,Education,0,4217695,1,578
801907,username115/FRCScouting,Recycle,src/org/frc836/database/DBSyncService.java,This Cursor should be freed up after use with #close(),[914]Cursor c = db.query(           ->[914]Cursor c = db.query(,5.15E+08,Added code to process a sync or fullsync response from the server,1391881667,f6a6e99,Updated version to 2.2014.1.8,1396024589,7e99158,Cursors are now properly closed when they are done being used.,1396099362,Education,0,4217695,1,578
801908,username115/FRCScouting,Recycle,src/org/frc836/database/DBSyncService.java,This Cursor should be freed up after use with #close(),[838].query(FACT_MATCH_DATA_Entry.TABLE_NAME ->[838].query(FACT_MATCH_DATA_Entry.TABLE_NAME,5.15E+08,Added code to process a sync or fullsync response from the server,1391881667,f6a6e99,Updated version to 2.2014.1.8,1396024589,7e99158,Cursors are now properly closed when they are done being used.,1396099362,Education,0,4217695,1,578
801909,username115/FRCScouting,Recycle,src/org/frc836/database/DBSyncService.java,This Cursor should be freed up after use with #close(),[722].query(FACT_CYCLE_DATA_Entry.TABLE_NAME ->[722].query(FACT_CYCLE_DATA_Entry.TABLE_NAME,5.15E+08,Added code to process a sync or fullsync response from the server,1391881667,f6a6e99,Updated version to 2.2014.1.8,1396024589,7e99158,Cursors are now properly closed when they are done being used.,1396099362,Education,0,4217695,1,578
801910,username115/FRCScouting,Recycle,src/org/frc836/database/DBSyncService.java,This Cursor should be freed up after use with #close(),[634]Cursor c = db.query(EVENT_LU_Entry.TABLE_NAME projection // select ->[634]Cursor c = db.query(EVENT_LU_Entry.TABLE_NAME projection // select,5.15E+08,Added code to process a sync or fullsync response from the server,1391881667,f6a6e99,Updated version to 2.2014.1.8,1396024589,7e99158,Cursors are now properly closed when they are done being used.,1396099362,Education,0,4217695,1,578
801911,username115/FRCScouting,Recycle,src/org/frc836/database/DBSyncService.java,This Cursor should be freed up after use with #close(),[565]Cursor c = db.query(           ->[565]Cursor c = db.query(,5.15E+08,Added code to process a sync or fullsync response from the server,1391881667,f6a6e99,Updated version to 2.2014.1.8,1396024589,7e99158,Cursors are now properly closed when they are done being used.,1396099362,Education,0,4217695,1,578
801912,username115/FRCScouting,Recycle,src/org/frc836/database/DBSyncService.java,This Cursor should be freed up after use with #close(),[1336]Cursor c = db.query(SCOUT_PIT_DATA_Entry.TABLE_NAME pitProjection ->[1336]Cursor c = db.query(SCOUT_PIT_DATA_Entry.TABLE_NAME pitProjection,fdb19a1,Initial version of DB Sync Service finished,1392079593,f6a6e99,Updated version to 2.2014.1.8,1396024589,7e99158,Cursors are now properly closed when they are done being used.,1396099362,Education,0,4019769,1,578
801913,username115/FRCScouting,Recycle,src/org/frc836/database/DBSyncService.java,This Cursor should be freed up after use with #close(),[1290]c = db.query(FACT_CYCLE_DATA_Entry.TABLE_NAME cycleProjection ->[1290]c = db.query(FACT_CYCLE_DATA_Entry.TABLE_NAME cycleProjection,fdb19a1,Initial version of DB Sync Service finished,1392079593,f6a6e99,Updated version to 2.2014.1.8,1396024589,7e99158,Cursors are now properly closed when they are done being used.,1396099362,Education,0,4019769,1,578
801914,username115/FRCScouting,Recycle,src/org/frc836/database/DBSyncService.java,This Cursor should be freed up after use with #close(),[1257]Cursor c = db.query(FACT_MATCH_DATA_Entry.TABLE_NAME ->[1257]Cursor c = db.query(FACT_MATCH_DATA_Entry.TABLE_NAME,fdb19a1,Initial version of DB Sync Service finished,1392079593,f6a6e99,Updated version to 2.2014.1.8,1396024589,7e99158,Cursors are now properly closed when they are done being used.,1396099362,Education,0,4019769,1,578
801915,username115/FRCScouting,Recycle,src/org/frc836/database/DB.java,This Cursor should be freed up after use with #close(),[677]Cursor c = db.query(EVENT_LU_Entry.TABLE_NAME // from the event_lu ->[677]Cursor c = db.query(EVENT_LU_Entry.TABLE_NAME // from the event_lu,0d8e01e,Started rebuilding Match input for 2014 game,1388944954,f6a6e99,Updated version to 2.2014.1.8,1396024589,7e99158,Cursors are now properly closed when they are done being used.,1396099362,Education,0,7154408,1,598
801916,username115/FRCScouting,Recycle,src/org/frc836/database/DB.java,This Cursor should be freed up after use with #close(),[857]c = db.rawQuery(               ->[857]c = db.rawQuery(,60ef989,Lots of updates to the database code. Database works now... but cannot submit matches to it at the moment. Getting issues with the database being closed by another thread before an insert can take place.,1392343822,f6a6e99,Updated version to 2.2014.1.8,1396024589,7e99158,Cursors are now properly closed when they are done being used.,1396099362,Education,0,3755540,1,598
801917,username115/FRCScouting,Recycle,src/org/frc836/database/DB.java,This Cursor should be freed up after use with #close(),[297]Cursor c = db.query(SCOUT_PIT_DATA_Entry.TABLE_NAME // from the ->[297]Cursor c = db.query(SCOUT_PIT_DATA_Entry.TABLE_NAME // from the,6524263,Added some of the methods for Pit Scouting to local database,1392437074,f6a6e99,Updated version to 2.2014.1.8,1396024589,7e99158,Cursors are now properly closed when they are done being used.,1396099362,Education,0,3662288,1,598
801918,username115/FRCScouting,Recycle,src/org/frc836/database/DB.java,This Cursor should be freed up after use with #close(),[920]c = db.rawQuery(               ->[920]c = db.rawQuery(,d79ac63,Database synchronization tentatively working. Needs extensive testing.,1392489930,f6a6e99,Updated version to 2.2014.1.8,1396024589,7e99158,Cursors are now properly closed when they are done being used.,1396099362,Education,0,3609432,1,598
801920,username115/FRCScouting,Recycle,src/org/frc836/database/DB.java,This Cursor should be freed up after use with #close(),[776]Cursor c = db.query(WHEEL_TYPE_LU_Entry.TABLE_NAME projection // select ->[776]Cursor c = db.query(WHEEL_TYPE_LU_Entry.TABLE_NAME projection // select,d79ac63,Database synchronization tentatively working. Needs extensive testing.,1392489930,f6a6e99,Updated version to 2.2014.1.8,1396024589,7e99158,Cursors are now properly closed when they are done being used.,1396099362,Education,0,3609432,1,598
801921,username115/FRCScouting,Recycle,src/org/frc836/database/DB.java,This Cursor should be freed up after use with #close(),[761]Cursor c = db.query(WHEEL_BASE_LU_Entry.TABLE_NAME projection // select ->[761]Cursor c = db.query(WHEEL_BASE_LU_Entry.TABLE_NAME projection // select,d79ac63,Database synchronization tentatively working. Needs extensive testing.,1392489930,f6a6e99,Updated version to 2.2014.1.8,1396024589,7e99158,Cursors are now properly closed when they are done being used.,1396099362,Education,0,3609432,1,598
801922,username115/FRCScouting,Recycle,src/org/frc836/database/DB.java,This Cursor should be freed up after use with #close(),[746]Cursor c = db.query(CONFIGURATION_LU_Entry.TABLE_NAME projection // select ->[746]Cursor c = db.query(CONFIGURATION_LU_Entry.TABLE_NAME projection // select,d79ac63,Database synchronization tentatively working. Needs extensive testing.,1392489930,f6a6e99,Updated version to 2.2014.1.8,1396024589,7e99158,Cursors are now properly closed when they are done being used.,1396099362,Education,0,3609432,1,598
801923,username115/FRCScouting,Recycle,src/org/frc836/database/DB.java,This Cursor should be freed up after use with #close(),[729]Cursor c = db.query(WHEEL_TYPE_LU_Entry.TABLE_NAME ->[729]Cursor c = db.query(WHEEL_TYPE_LU_Entry.TABLE_NAME,d79ac63,Database synchronization tentatively working. Needs extensive testing.,1392489930,f6a6e99,Updated version to 2.2014.1.8,1396024589,7e99158,Cursors are now properly closed when they are done being used.,1396099362,Education,0,3609432,1,598
801924,username115/FRCScouting,Recycle,src/org/frc836/database/DB.java,This Cursor should be freed up after use with #close(),[712]Cursor c = db.query(WHEEL_BASE_LU_Entry.TABLE_NAME ->[712]Cursor c = db.query(WHEEL_BASE_LU_Entry.TABLE_NAME,d79ac63,Database synchronization tentatively working. Needs extensive testing.,1392489930,f6a6e99,Updated version to 2.2014.1.8,1396024589,7e99158,Cursors are now properly closed when they are done being used.,1396099362,Education,0,3609432,1,598
801925,username115/FRCScouting,Recycle,src/org/frc836/database/DB.java,This Cursor should be freed up after use with #close(),[696]Cursor c = db.query(CONFIGURATION_LU_Entry.TABLE_NAME projection // select ->[696]Cursor c = db.query(CONFIGURATION_LU_Entry.TABLE_NAME projection // select,d79ac63,Database synchronization tentatively working. Needs extensive testing.,1392489930,f6a6e99,Updated version to 2.2014.1.8,1396024589,7e99158,Cursors are now properly closed when they are done being used.,1396099362,Education,0,3609432,1,598
801926,username115/FRCScouting,Recycle,src/org/frc836/database/DB.java,This Cursor should be freed up after use with #close(),[451]Cursor c = db.query(EVENT_LU_Entry.TABLE_NAME // from the ->[451]Cursor c = db.query(EVENT_LU_Entry.TABLE_NAME // from the,c2fae07,Updated event list syncing. No longer a need for the EventList class... as the values can be directly read from the database,1392512480,f6a6e99,Updated version to 2.2014.1.8,1396024589,7e99158,Cursors are now properly closed when they are done being used.,1396099362,Education,0,3586882,1,598
801927,username115/FRCScouting,Recycle,src/org/frc836/database/DB.java,This Cursor should be freed up after use with #close(),[334]Cursor c = db.query(EVENT_LU_Entry.TABLE_NAME projection ->[334]Cursor c = db.query(EVENT_LU_Entry.TABLE_NAME projection,c2fae07,Updated event list syncing. No longer a need for the EventList class... as the values can be directly read from the database,1392512480,f6a6e99,Updated version to 2.2014.1.8,1396024589,7e99158,Cursors are now properly closed when they are done being used.,1396099362,Education,0,3586882,1,598
801928,username115/FRCScouting,Recycle,src/org/frc836/database/DB.java,This Cursor should be freed up after use with #close(),[480]Cursor c = db.query(NOTES_OPTIONS_Entry.TABLE_NAME projection ->[480]Cursor c = db.query(NOTES_OPTIONS_Entry.TABLE_NAME projection,bd4268d,removed paramList as it is unnecessary now. Common Notes now populated,1392513586,f6a6e99,Updated version to 2.2014.1.8,1396024589,7e99158,Cursors are now properly closed when they are done being used.,1396099362,Education,0,3585776,1,598
801929,username115/FRCScouting,Recycle,src/org/frc836/database/DB.java,This Cursor should be freed up after use with #close(),[111]Cursor c = db.query(table projection whereClause whereArgs ->[111]Cursor c = db.query(table projection whereClause whereArgs,78a01fe,Updated data recording submission to allow updates to existing entries in the database.,1392579894,f6a6e99,Updated version to 2.2014.1.8,1396024589,7e99158,Cursors are now properly closed when they are done being used.,1396099362,Education,0,3519468,1,598
801930,username115/FRCScouting,Recycle,src/org/frc836/database/DB.java,This Cursor should be freed up after use with #close(),[423]Cursor c = db.query(EVENT_LU_Entry.TABLE_NAME projection ->[423]Cursor c = db.query(EVENT_LU_Entry.TABLE_NAME projection,6fe98f9,Pit Scouting spinners now pull from database options,1393548612,f6a6e99,Updated version to 2.2014.1.8,1396024589,7e99158,Cursors are now properly closed when they are done being used.,1396099362,Education,0,2550750,1,598
801931,username115/FRCScouting,Recycle,src/org/frc836/database/DB.java,This Cursor should be freed up after use with #close(),[393]Cursor c = db.query(EVENT_LU_Entry.TABLE_NAME projection ->[393]Cursor c = db.query(EVENT_LU_Entry.TABLE_NAME projection,6fe98f9,Pit Scouting spinners now pull from database options,1393548612,f6a6e99,Updated version to 2.2014.1.8,1396024589,7e99158,Cursors are now properly closed when they are done being used.,1396099362,Education,0,2550750,1,598
801932,username115/FRCScouting,Recycle,src/org/frc836/database/DB.java,This Cursor should be freed up after use with #close(),[363]Cursor c = db.query(EVENT_LU_Entry.TABLE_NAME projection ->[363]Cursor c = db.query(EVENT_LU_Entry.TABLE_NAME projection,6fe98f9,Pit Scouting spinners now pull from database options,1393548612,f6a6e99,Updated version to 2.2014.1.8,1396024589,7e99158,Cursors are now properly closed when they are done being used.,1396099362,Education,0,2550750,1,598
801933,username115/FRCScouting,Recycle,src/org/frc836/database/DB.java,This Cursor should be freed up after use with #close(),[893]c = db.rawQuery(               ->[893]c = db.rawQuery(,d4dcc17,Fixed sync blocking issues and invalid flag is now cleared upon reciept of an ack from a database submission,1396024500,f6a6e99,Updated version to 2.2014.1.8,1396024589,7e99158,Cursors are now properly closed when they are done being used.,1396099362,Education,0,74862,1,598
802280,zom/Zom-Android,Recycle,src/info/guardianproject/otr/app/im/app/ChatView.java,This Cursor should be freed up after use with #close(),[943]ContentResolver cr = mActivity.getContentResolver(); ->[923]ContentResolver cr = mActivity.getContentResolver();,f59112f,Merge branch 'v11-UI-updates' of https://github.com/n8fr8/Gibberbot into n8fr8-v11-UI-updates Conflicts: AndroidManifest.xml,1360142351,1fc7e19,Remove unused class,1381528853,7.45E+06,clean up cursor handling in ChatView,1381533285,Customization,0,21390934,1,90
802293,zom/Zom-Android,Recycle,src/info/guardianproject/otr/app/im/app/ChatView.java,This Cursor should be freed up after use with #close(),[2381]Cursor pCursor = cr.query(Imps.ProviderSettings.CONTENT_URI ->[2381]Cursor pCursor = cr.query(Imps.ProviderSettings.CONTENT_URI,c8cd6a2,Merge branch 'linkify-n-stuff' of https://github.com/eighthave/ChatSecureAndroid into eighthave-linkify-n-stuff Conflicts: src/info/guardianproject/otr/app/im/app/ChatView.java src/info/guardianproject/otr/app/im/app/MessageView.java,1421814964,0e7026d,Merge branch 'eighthave-linkify-n-stuff',1421815933,c3d85321,cursor needs to be closed manually,1421817302,Customization,0,2338,1,1
802294,zom/Zom-Android,Recycle,src/info/guardianproject/otr/app/im/plugin/xmpp/XmppConnection.java,This Cursor should be freed up after use with #close(),"[806]Cursor cursor = contentResolver.query(Imps.ProviderSettings.CONTENT_URInew String[] {Imps.ProviderSettings.NAME Imps.ProviderSettings.VALUE}Imps.ProviderSettings.PROVIDER + ""=?""new String[] { Long.toString(mProviderId)}null); ->[806]Cursor cursor = contentResolver.query(Imps.ProviderSettings.CONTENT_URInew String[] {Imps.ProviderSettings.NAME Imps.ProviderSettings.VALUE}Imps.ProviderSettings.PROVIDER + ""=?""new String[] { Long.toString(mProviderId)}null);",d7116b4,performance tuning for presence... roster... and vcards,1392526783,975f1c3,fixes #4447 sometimes cursor is null if not init'd yet,1422127405,6a69d43d,fixes #4448 makes sure cursor is closed,1422127639,Customization,0,29600856,1,3
800312,dpadgett/Timer,ViewHolder,Timer/src/org/dpadgett/timer/StopwatchFragment.java,Unconditional layout inflation from view adapter: Should use View Holder pattern (use recycled view passed into this method as the second parameter) for smoother scrolling,[243](LinearLayout) LayoutInflater.from(context).inflate(R.layout.single_lap_time parent false); ->[243](LinearLayout) LayoutInflater.from(context).inflate(R.layout.single_lap_time parent false);,96b09c9,start switching lap times to listview,1328413426,96b09c9,start switching lap times to listview,1328413426,241865,add workaround to scrolling issue. scroll to bottom now works... although a bit bouncy.,1328417828,Tools,0,4402,1,76
800355,alopatindev/smsnenado,ViewHolder,src/com/sbar/smsnenado/SmsItemAdapter.java,Unconditional layout inflation from view adapter: Should use View Holder pattern (use recycled view passed into this method as the second parameter) for smoother scrolling,[36]View rowView = inflater.inflate(mRowResourceId parent false); ->[36]View rowView = inflater.inflate(mRowResourceId parent false);,2401151,added forgotten files,1375993422,72984a5,updated screenshot,1377581609,fff8901,ListView duplicates workaround,1377583601,Tools,0,1590179,1,21
800578,onyxbits/listmyaps,ViewHolder,src/de/onyxbits/listmyapps/AppAdapter.java,Unconditional layout inflation from view adapter: Should use View Holder pattern (use recycled view passed into this method as the second parameter) for smoother scrolling,[26]ret = inflater.inflate(R.layout.app_itemnull); ->[26]ret = inflater.inflate(R.layout.app_itemnull);,6413d48,Initial commit,1377742218,cc97e9e,Version code bump.,1377954847,5065990,BUGFIX: Recycle views to scroll faster,1377984157,Tools,0,241939,1,11
801111,AmrutSai/sikuna,ViewHolder,src/uk/org/rivernile/edinburghbustracker/android/NearestStopsActivity.java,Unconditional layout inflation from view adapter: Should use View Holder pattern (use recycled view passed into this method as the second parameter) for smoother scrolling,[427]View row = vi.inflate(R.layout.neareststops_list_item null); ->[427]View row = vi.inflate(R.layout.neareststops_list_item null);,c49c9e7,The project has changed to use the new NBAndroid plugin... therefore the project layout has changed and now uses the building mechanisms built in to the Android SDK. The application now has a better defined bus times parser which has been abstracted out. It is now possible to have a list view of the nearest bus stops to the device's location. This addresses issue 17... however it will not be closed yet as further work needs to be undertaken. Issue 19 has been closed as users are now able to filter bus services.,1307043063,5b94f34,After the previous commit... I noticed that BusStopMapActivity had the potential to crash with a NullPointerException... this has been fixed. Also... included the patch in issue 20... however the text has been changed slightly.,1307044852,4512334,The bus times fetching and Twitter feed fetching tasks have now been partially rewritten as AsyncTask tasks which should aid in code maintainability. The bus stop map can now accept stop codes in the calling Intent for zooming in to a particular stop. DisplayStopDataActivity now shows how long it has been since the last data refresh... which addresses a feature request and closes issue 16. FavouriteStopsActivity now shows a list of bus services for each saved stop and now lets users zoom to that stop on the map in the context menu. The preferences have been reordered for more logical ordering. Added a user preference where the user can elect to show the list of favourite bus stops on application start up rather than the menu. Modified a few of the custom list adapters to use convertView for faster layout drawing. NearestStopsActivity now uses some helpful hints found at http://android-developers.blogspot.com/2011/06/deep-dive-into-location.html,1312074752,Travel & Local,0,5031689,0,54
801112,AmrutSai/sikuna,ViewHolder,src/uk/org/rivernile/edinburghbustracker/android/MapSearchHelper.java,Unconditional layout inflation from view adapter: Should use View Holder pattern (use recycled view passed into this method as the second parameter) for smoother scrolling,[242]View row = vi.inflate(R.layout.map_search_results_list_item null); ->[242]View row = vi.inflate(R.layout.map_search_results_list_item null);,ac9e83a,Added an icon to show locations retrieved from geocoding. Modified the search results layout to reflect this. The search results now sort by how close they are to the device's determined location if a location is available. The search functionality is now considered implemented which means that issue 4 is now closed. Fixed issue 15 meaning that hopefully the data retieval threading problem is now finally laid to rest. Modified a Twitter error string to be a bit more descriptive.,1297383221,5b94f34,After the previous commit... I noticed that BusStopMapActivity had the potential to crash with a NullPointerException... this has been fixed. Also... included the patch in issue 20... however the text has been changed slightly.,1307044852,4512334,The bus times fetching and Twitter feed fetching tasks have now been partially rewritten as AsyncTask tasks which should aid in code maintainability. The bus stop map can now accept stop codes in the calling Intent for zooming in to a particular stop. DisplayStopDataActivity now shows how long it has been since the last data refresh... which addresses a feature request and closes issue 16. FavouriteStopsActivity now shows a list of bus services for each saved stop and now lets users zoom to that stop on the map in the context menu. The preferences have been reordered for more logical ordering. Added a user preference where the user can elect to show the list of favourite bus stops on application start up rather than the menu. Modified a few of the custom list adapters to use convertView for faster layout drawing. NearestStopsActivity now uses some helpful hints found at http://android-developers.blogspot.com/2011/06/deep-dive-into-location.html,1312074752,Travel & Local,0,14691531,0,13
801858,shlusiak/Freebloks-Android,ViewHolder,src/de/saschahlusiak/freebloks/lobby/ColorAdapter.java,Unconditional layout inflation from view adapter: Should use View Holder pattern (use recycled view passed into this method as the second parameter) for smoother scrolling,[92]View v = LayoutInflater.from(context).inflate(R.layout.color_grid_item parent false); ->[92]View v = LayoutInflater.from(context).inflate(R.layout.color_grid_item parent false);,8b9fcee,lobby: add GridView for colors and player names,1374419019,4690dd9,lobby: support for revoke and request players from within the lobby,1384401015,982686f,lobby: recycle color adapter items,1384403809,Games,0,9984790,1,20
801885,chaosbastler/opentraining,ViewHolder,app/src/de/skubware/opentraining/activity/create_exercise/ExerciseImageListAdapter.java,Unconditional layout inflation from view adapter: Should use View Holder pattern (use recycled view passed into this method as the second parameter) for smoother scrolling,[72]vi = mInflater.inflate(R.layout.exercise_image_list_row null); ->[72]vi = mInflater.inflate(R.layout.exercise_image_list_row null);,b2fe9d8,CreateExerciseActivity: Added fragment for the images.,1370188136,b5f3034,Adding images in the CreateExerciseActivity is now basically working.,1398086742,3052768,Implemented ViewHolder-Pattern for ExerciseImageListAdapter (used for CreateExerciseActivity).,1398153074,Health and Fitness,0,27964938,1,65
802051,numixproject/org.numixproject.hermes,ViewHolder,yaaic/src/main/java/org/numixproject/hermes/adapter/ServerListAdapter.java,Unconditional layout inflation from view adapter: Should use View Holder pattern (use recycled view passed into this method as the second parameter) for smoother scrolling,[186]View row;                      ->[304]View row;,8704adc,Removed adapter. Fixed welcome text.,1429819396,8704adc,Removed adapter. Fixed welcome text.,1429819396,9d91254,Added adapter for Rooms. Added height workaround.,1429904037,Communication,0,84641,0,126
802104,SwapnilShahGit/foody,ViewHolder,app/src/main/java/com/example/swapnil/squareonemenu/YorkdaleMallCustomAdapter.java,Unconditional layout inflation from view adapter: Should use View Holder pattern (use recycled view passed into this method as the second parameter) for smoother scrolling,[43]View customView = squareOneInflater.inflate(R.layout.yorkdalecustomrow parent false); ->[43]View customView = squareOneInflater.inflate(R.layout.yorkdalecustomrow parent false);,b7dfa6c,I added custom adapters to Eaton Centre... Erin Mills Town Centre and Mapleview Mall.,1432930669,ac8638a,going back to grey theme,1433097748,d27b2d3,cleaning up code/organizing/cleaning custom adapters,1433101121,Shopping,0,170452,1,66
802105,SwapnilShahGit/foody,ViewHolder,app/src/main/java/com/example/swapnil/squareonemenu/SquareOneCustomAdapter.java,Unconditional layout inflation from view adapter: Should use View Holder pattern (use recycled view passed into this method as the second parameter) for smoother scrolling,[38]View customView = squareOneInflater.inflate(R.layout.squareonecustomrow parent false); ->[38]View customView = squareOneInflater.inflate(R.layout.squareonecustomrow parent false);,b7dfa6c,I added custom adapters to Eaton Centre... Erin Mills Town Centre and Mapleview Mall.,1432930669,ac8638a,going back to grey theme,1433097748,d27b2d3,cleaning up code/organizing/cleaning custom adapters,1433101121,Shopping,0,170452,1,54
802106,SwapnilShahGit/foody,ViewHolder,app/src/main/java/com/example/swapnil/squareonemenu/SherwayGardensCustomAdapter.java,Unconditional layout inflation from view adapter: Should use View Holder pattern (use recycled view passed into this method as the second parameter) for smoother scrolling,[40]View customView = squareOneInflater.inflate(R.layout.sherwaygardenscustomrow parent false); ->[40]View customView = squareOneInflater.inflate(R.layout.sherwaygardenscustomrow parent false);,5a34a06,trying to optimize and refactor the code,1432934015,ac8638a,going back to grey theme,1433097748,d27b2d3,cleaning up code/organizing/cleaning custom adapters,1433101121,Shopping,0,167106,1,56
802107,SwapnilShahGit/foody,ViewHolder,app/src/main/java/com/example/swapnil/squareonemenu/SquareOneCustomAdapter.java,Unconditional layout inflation from view adapter: Should use View Holder pattern (use recycled view passed into this method as the second parameter) for smoother scrolling,[40]View customView = squareOneInflater.inflate(R.layout.mapleviewcustomrow parent false); ->[40]View customView = squareOneInflater.inflate(R.layout.mapleviewcustomrow parent false);,841c08f,I made a custom adapter for Yorkdale Mall and Burlington Mall.,1432929288,ac8638a,going back to grey theme,1433097748,d27b2d3,cleaning up code/organizing/cleaning custom adapters,1433101121,Shopping,0,171833,1,54
802108,SwapnilShahGit/foody,ViewHolder,app/src/main/java/com/example/swapnil/squareonemenu/ErinMillsTownCentreCustomAdapter.java,Unconditional layout inflation from view adapter: Should use View Holder pattern (use recycled view passed into this method as the second parameter) for smoother scrolling,[40]View customView = squareOneInflater.inflate(R.layout.eatoncentrecustomrow parent false); ->[40]View customView = squareOneInflater.inflate(R.layout.eatoncentrecustomrow parent false);,b7dfa6c,I added custom adapters to Eaton Centre... Erin Mills Town Centre and Mapleview Mall.,1432930669,ac8638a,going back to grey theme,1433097748,d27b2d3,cleaning up code/organizing/cleaning custom adapters,1433101121,Shopping,0,170452,1,56
802109,SwapnilShahGit/foody,ViewHolder,app/src/main/java/com/example/swapnil/squareonemenu/CustomAdapter.java,Unconditional layout inflation from view adapter: Should use View Holder pattern (use recycled view passed into this method as the second parameter) for smoother scrolling,[38]View customView = foodyInflater.inflate(R.layout.custom_row parent false); ->[38]View customView = foodyInflater.inflate(R.layout.custom_row parent false);,52b73fd,adding extra image files,1432788080,ac8638a,going back to grey theme,1433097748,d27b2d3,cleaning up code/organizing/cleaning custom adapters,1433101121,Shopping,0,313041,1,55
802110,SwapnilShahGit/foody,ViewHolder,app/src/main/java/com/example/swapnil/squareonemenu/SquareOneCustomAdapter.java,Unconditional layout inflation from view adapter: Should use View Holder pattern (use recycled view passed into this method as the second parameter) for smoother scrolling,[41]View customView = squareOneInflater.inflate(R.layout.burlingtonmallcustomrow parent false); ->[41]View customView = squareOneInflater.inflate(R.layout.burlingtonmallcustomrow parent false);,23ad234,I customized Square One Mall,1432876783,ac8638a,going back to grey theme,1433097748,d27b2d3,cleaning up code/organizing/cleaning custom adapters,1433101121,Shopping,0,224338,1,54
802443,ww24/pattern,ViewHolder,app/src/main/java/jp/ww24/handwrites/FileAdapter.java,Unconditional layout inflation from view adapter: Should use View Holder pattern (use recycled view passed into this method as the second parameter) for smoother scrolling,[46]convertView = layoutInflater.inflate(R.layout.gallery_item parent false); ->[46]convertView = layoutInflater.inflate(R.layout.gallery_item parent false);,64efa37,Add custom ListView for gallery,1447260427,64efa37,Add custom ListView for gallery,1447260427,f8cef5e,fix custom Image ListView,1447868044,Libraries & Demo,0,607617,1,53
800039,dirktrossen/AIRS,HandlerLeak,src/com/airs/AIRS.java,This Handler class should be static or leaks might occur (anonymous android.os.Handler),[782]public final Handler mHandler = new Handler() ->[782]public final Handler mHandler = new Handler(),e66ec58,V1.9.6.4 - checked AIRS with lint tool to optimize - addressed bug in remote sensing - added delay in BT sensing to give BT time to fire up - use persistent storage to remember music player info to avoid false sensing,1330718029,c8bcd68,V2.0.5 - added right permission for controlling A-GPS data download (option in General Settings),1336220915,8cee9e1,V2.1 - changed UI to tabbed layout - enable direct start of local recording... in addition to selecting sensors before starting - now support portrait/landscape orientation - merged general and handler settings into single menu - added viewing of online manual in separate tab - enable start of AIRS UI even if service is running (e.g.... for sync'ing) - allow sync'ing while running (excludes current recording from sync'ing) - added buttons to map view for animating into current or last recorded location,1338408120,Lifestyle,0,7690091,0,936
800132,ZorgeR/nanoConverter,HandlerLeak,nanoConverter/src/com/nanoconverter/zlab/NanoConverter.java,This Handler class should be static or leaks might occur (anonymous android.os.Handler),[179]Handler handlerLVL = new Handler() { ->DEL,a4901c6,0.7,1333018987,155278e,0.7.6: - fix crash when input is incorrect - some optimization - remove about from menu Signed-off-by: Zorge.R <zorg.rhrd@gmail.com>,1333396089,e6df327,0.7.7: - new xml parser - remove handler - add disclaimer (./COPYING) Signed-off-by: Zorge.R <zorg.rhrd@gmail.com>,1333441759,Finance,0,422772,1,810
800133,ZorgeR/nanoConverter,HandlerLeak,nanoConverter/src/com/nanoconverter/zlab/NanoConverter.java,This Handler class should be static or leaks might occur (anonymous android.os.Handler),[172]Handler handlerLTL = new Handler() { ->DEL,a4901c6,0.7,1333018987,155278e,0.7.6: - fix crash when input is incorrect - some optimization - remove about from menu Signed-off-by: Zorge.R <zorg.rhrd@gmail.com>,1333396089,e6df327,0.7.7: - new xml parser - remove handler - add disclaimer (./COPYING) Signed-off-by: Zorge.R <zorg.rhrd@gmail.com>,1333441759,Finance,0,422772,1,810
800134,ZorgeR/nanoConverter,HandlerLeak,nanoConverter/src/com/nanoconverter/zlab/NanoConverter.java,This Handler class should be static or leaks might occur (anonymous android.os.Handler),[165]Handler handlerPLN = new Handler() { ->DEL,a4901c6,0.7,1333018987,155278e,0.7.6: - fix crash when input is incorrect - some optimization - remove about from menu Signed-off-by: Zorge.R <zorg.rhrd@gmail.com>,1333396089,e6df327,0.7.7: - new xml parser - remove handler - add disclaimer (./COPYING) Signed-off-by: Zorge.R <zorg.rhrd@gmail.com>,1333441759,Finance,0,422772,1,810
800135,ZorgeR/nanoConverter,HandlerLeak,nanoConverter/src/com/nanoconverter/zlab/NanoConverter.java,This Handler class should be static or leaks might occur (anonymous android.os.Handler),[158]Handler handlerBYR = new Handler() { ->DEL,a4901c6,0.7,1333018987,155278e,0.7.6: - fix crash when input is incorrect - some optimization - remove about from menu Signed-off-by: Zorge.R <zorg.rhrd@gmail.com>,1333396089,e6df327,0.7.7: - new xml parser - remove handler - add disclaimer (./COPYING) Signed-off-by: Zorge.R <zorg.rhrd@gmail.com>,1333441759,Finance,0,422772,1,810
800136,ZorgeR/nanoConverter,HandlerLeak,nanoConverter/src/com/nanoconverter/zlab/NanoConverter.java,This Handler class should be static or leaks might occur (anonymous android.os.Handler),[151]Handler handlerMDL = new Handler() { ->DEL,a4901c6,0.7,1333018987,155278e,0.7.6: - fix crash when input is incorrect - some optimization - remove about from menu Signed-off-by: Zorge.R <zorg.rhrd@gmail.com>,1333396089,e6df327,0.7.7: - new xml parser - remove handler - add disclaimer (./COPYING) Signed-off-by: Zorge.R <zorg.rhrd@gmail.com>,1333441759,Finance,0,422772,1,810
800137,ZorgeR/nanoConverter,HandlerLeak,nanoConverter/src/com/nanoconverter/zlab/NanoConverter.java,This Handler class should be static or leaks might occur (anonymous android.os.Handler),[144]Handler handlerUA = new Handler() { ->DEL,a4901c6,0.7,1333018987,155278e,0.7.6: - fix crash when input is incorrect - some optimization - remove about from menu Signed-off-by: Zorge.R <zorg.rhrd@gmail.com>,1333396089,e6df327,0.7.7: - new xml parser - remove handler - add disclaimer (./COPYING) Signed-off-by: Zorge.R <zorg.rhrd@gmail.com>,1333441759,Finance,0,422772,1,810
800138,ZorgeR/nanoConverter,HandlerLeak,nanoConverter/src/com/nanoconverter/zlab/NanoConverter.java,This Handler class should be static or leaks might occur (anonymous android.os.Handler),[137]Handler handlerJPY = new Handler() { ->DEL,a4901c6,0.7,1333018987,155278e,0.7.6: - fix crash when input is incorrect - some optimization - remove about from menu Signed-off-by: Zorge.R <zorg.rhrd@gmail.com>,1333396089,e6df327,0.7.7: - new xml parser - remove handler - add disclaimer (./COPYING) Signed-off-by: Zorge.R <zorg.rhrd@gmail.com>,1333441759,Finance,0,422772,1,810
800139,ZorgeR/nanoConverter,HandlerLeak,nanoConverter/src/com/nanoconverter/zlab/NanoConverter.java,This Handler class should be static or leaks might occur (anonymous android.os.Handler),[130]Handler handlerGBP = new Handler() { ->DEL,a4901c6,0.7,1333018987,155278e,0.7.6: - fix crash when input is incorrect - some optimization - remove about from menu Signed-off-by: Zorge.R <zorg.rhrd@gmail.com>,1333396089,e6df327,0.7.7: - new xml parser - remove handler - add disclaimer (./COPYING) Signed-off-by: Zorge.R <zorg.rhrd@gmail.com>,1333441759,Finance,0,422772,1,810
800140,ZorgeR/nanoConverter,HandlerLeak,nanoConverter/src/com/nanoconverter/zlab/NanoConverter.java,This Handler class should be static or leaks might occur (anonymous android.os.Handler),[123]Handler handlerCHF = new Handler() { ->DEL,a4901c6,0.7,1333018987,155278e,0.7.6: - fix crash when input is incorrect - some optimization - remove about from menu Signed-off-by: Zorge.R <zorg.rhrd@gmail.com>,1333396089,e6df327,0.7.7: - new xml parser - remove handler - add disclaimer (./COPYING) Signed-off-by: Zorge.R <zorg.rhrd@gmail.com>,1333441759,Finance,0,422772,1,810
800141,ZorgeR/nanoConverter,HandlerLeak,nanoConverter/src/com/nanoconverter/zlab/NanoConverter.java,This Handler class should be static or leaks might occur (anonymous android.os.Handler),[115]Handler handlerEUR = new Handler() { ->DEL,a4901c6,0.7,1333018987,155278e,0.7.6: - fix crash when input is incorrect - some optimization - remove about from menu Signed-off-by: Zorge.R <zorg.rhrd@gmail.com>,1333396089,e6df327,0.7.7: - new xml parser - remove handler - add disclaimer (./COPYING) Signed-off-by: Zorge.R <zorg.rhrd@gmail.com>,1333441759,Finance,0,422772,1,810
800142,ZorgeR/nanoConverter,HandlerLeak,nanoConverter/src/com/nanoconverter/zlab/NanoConverter.java,This Handler class should be static or leaks might occur (anonymous android.os.Handler),[107]Handler handlerUSD = new Handler() { ->DEL,a4901c6,0.7,1333018987,155278e,0.7.6: - fix crash when input is incorrect - some optimization - remove about from menu Signed-off-by: Zorge.R <zorg.rhrd@gmail.com>,1333396089,e6df327,0.7.7: - new xml parser - remove handler - add disclaimer (./COPYING) Signed-off-by: Zorge.R <zorg.rhrd@gmail.com>,1333441759,Finance,0,422772,1,810
800148,ZorgeR/nanoConverter,HandlerLeak,Source/src/com/nanoconverter/zlab/NanoConverter.java,This Handler class should be static or leaks might occur (anonymous android.os.Handler),[186]Handler handlerRUB = new Handler() { ->DEL,155278e,0.7.6: - fix crash when input is incorrect - some optimization - remove about from menu Signed-off-by: Zorge.R <zorg.rhrd@gmail.com>,1333396089,155278e,0.7.6: - fix crash when input is incorrect - some optimization - remove about from menu Signed-off-by: Zorge.R <zorg.rhrd@gmail.com>,1333396089,e6df327,0.7.7: - new xml parser - remove handler - add disclaimer (./COPYING) Signed-off-by: Zorge.R <zorg.rhrd@gmail.com>,1333441759,Finance,0,45670,1,810
800438,stdev293/battery-waster-android,HandlerLeak,src/com/stdev293/batterywasterdemo/activities/BatteryWasterActivity.java,This Handler class should be static or leaks might occur (anonymous android.os.Handler),[74]mHandler = new Handler() {      ->[74]mHandler = new Handler() {,5b74233,Thread (+looper...handler) to manage sinks out of the UI thread,1375559787,5b74233,Thread (+looper...handler) to manage sinks out of the UI thread,1375559787,7.21E+98,static handler to avoid potential memory leak,1375572574,Tools,0,12787,1,130
800480,mobiRic/StackFlairWidget,HandlerLeak,src/com/mobiric/stackflairwidget/activity/SettingsActivity.java,This Handler class should be static or leaks might occur (anonymous android.os.Handler),[227]private Handler communicatorServiceHandler = new Handler() ->[227]private Handler communicatorServiceHandler = new Handler(),05a5765,initial commit initial commit copied from Wifi Widget,1366643494,05a5765,initial commit initial commit copied from Wifi Widget,1366643494,c0ef6b8,Cleanup removed TODO... compiler warnings... unused NetWatcher class etc. Big change was creation of StaticSafeHandler as a new pattern to avoid memory leaks commonly encountered when using an inner-class Handler.,1373815293,Libraries & Demo,0,7171799,1,267
800481,mobiRic/StackFlairWidget,HandlerLeak,src/com/mobiric/stackflairwidget/service/FlairWidgetService.java,This Handler class should be static or leaks might occur (anonymous android.os.Handler),[163]private Handler communicatorServiceHandler = new Handler() ->[163]private Handler communicatorServiceHandler = new Handler(),05a5765,initial commit initial commit copied from Wifi Widget,1366643494,05a5765,initial commit initial commit copied from Wifi Widget,1366643494,c0ef6b8,Cleanup removed TODO... compiler warnings... unused NetWatcher class etc. Big change was creation of StaticSafeHandler as a new pattern to avoid memory leaks commonly encountered when using an inner-class Handler.,1373815293,Libraries & Demo,0,7171799,1,178
802307,zom/Zom-Android,HandlerLeak,src/info/guardianproject/otr/app/im/app/NewChatActivity.java,This Handler class should be static or leaks might occur (anonymous android.os.Handler),[165]private Handler handlerIntent = new Handler () ->[179]private Handler handlerIntent = new Handler (),a96f244,handle -1 accountIds... and remove unnecessary alert dialogs,1376313935,d0d2f16,updating version,1379357036,e6dc310f,fix for notification handling for invite/subscription request now properly use onNewIntent to handle notification on existing activity,1379362368,Customization,0,3048433,0,33
802532,pocmo/yaaic,UseSparseArrays,src/org/yaaic/Yaaic.java,Use new SparseArray<Server>(...) instead for better performance,[49]servers = new HashMap<Integer Server>(); ->[49]servers = new HashMap<Integer Server>();,1eee92f,Refactored nearly everything,1261081677,36dc482,OverviewFragment: Notify if server has been deleted.,1443948153,fb90f72,Use SparseArray instead of HashMap for in-memory server storage.,1443949030,Communication,0,182867353,1,5
802533,pocmo/yaaic,UseSparseArrays,src/org/yaaic/db/Database.java,Use new SparseArray<Server>(...) instead for better performance,[338]HashMap<Integer Server> servers = new HashMap<Integer Server>(); ->[338]HashMap<Integer Server> servers = new HashMap<Integer Server>();,1eee92f,Refactored nearly everything,1261081677,36dc482,OverviewFragment: Notify if server has been deleted.,1443948153,fb90f72,Use SparseArray instead of HashMap for in-memory server storage.,1443949030,Communication,0,182867353,1,5
800191,nolanlawson/KeepScore,UseValueOf,src/com/nolanlawson/keepscore/db/Game.java,Use Long.valueOf(object2.getDateSaved()) instead,[82]return new Long(object2.getDateSaved()).compareTo(object1.getDateSaved()); ->[82]return new Long(object2.getDateSaved()).compareTo(object1.getDateSaved());,6ab09fa,allow games to be loaded... deleted... and edited,1307822131,4482b4b,change the way game names are displayed... make sure game names are copied during copy/rematch,1348580221,6f9e9c6,dont use new Long() constructor,1348580586,Tools,0,40758455,1,3
801113,AmrutSai/sikuna,UseValueOf,src/uk/org/rivernile/edinburghbustracker/android/MainActivity.java,Use Integer.valueOf(AlertDialog.THEME_HOLO_DARK) instead,[310]arglist[1] = new Integer(AlertDialog.THEME_HOLO_DARK); ->[310]arglist[1] = new Integer(AlertDialog.THEME_HOLO_DARK);,47aaac1,Removed old artwork and added new artwork. Put in changes for new user interface as well as going for Honeycomb/ICS support. Added support for new JSON API from CEC. Added support for new database updating method. Continued adding support for proximity and time based alerts.,1325800993,6ac745e,Added a backup agent so that user preferences can be stored in Google Backup. Added intent filter for DisplayStopDataActivity so that other applications can easily interface with the application to load bus stop times. Fixed an issue in the map search results list on certain devices where the row background colour was the same colour as the text. Made the ActionBar transparent in the bus stop map for devices running Honeycomb or later. Added link to project Twitter feed. Added a user preference where the user can specify how many departures per service is shown at each bus stop. For turning on GPS... the correct settings activity is loaded on Ice Cream Sandwich now which closes issue 26. Added locality support in the bus stop database. Navigating the map should be a bit smoother now. Added bus stop direction markers on the bus stop map which closes issue 22. Added better sanity checking around launching the QR scanning activity to prevent crashes which closes issue 27. Re-wrote the Twitter parser to abstract it away from the UI code.,1334010120,696873b,Made changes based on recommendations from the lint tool... and removed unused strings. Preferences has been renamed to Settings. This also no longer appears in the ActionBar on Honeycomb and above... following recommendations at the Android design site. Changed Settings display based on these recommendations also. Made plenty of changes in BusStopDatabase and SettingsDatabase to follow good practices and possible performance enhancements.,1335011052,Travel & Local,0,9210059,1,2
801787,almalence/OpenCamera,FloatMath,src/com/almalence/opencam/ui/Switch/Switch.java,Use java.lang.Math#ceil instead of android.util.FloatMath#ceil() since it is faster as of API 8,[616]return new StaticLayout(transformed mTextPaint (int) FloatMath.ceil(Layout.getDesiredWidth(transformed ->[616]return new StaticLayout(transformed mTextPaint (int) FloatMath.ceil(Layout.getDesiredWidth(transformed,7380258,git code prepared,1381832487,2bb4eca,Small corrections.,1445508159,b2323240,Partially fixed issue with preview on Android 6 in camera2 mode. Fixed nexus naming in CC. Changed depricated FloatMath to Math.,1445508555,Photography,0,63676068,1,3
801789,almalence/OpenCamera,FloatMath,src/com/almalence/plugins/capture/panoramaaugmented/PanoramaAugmentedCapturePlugin.java,Use java.lang.Math#cos instead of android.util.FloatMath#cos() since it is faster as of API 8,[1452]String.valueOf(FloatMath.cos(angleR))); ->[1452]String.valueOf(FloatMath.cos(angleR)));,7380258,git code prepared,1381832487,2bb4eca,Small corrections.,1445508159,b2323240,Partially fixed issue with preview on Android 6 in camera2 mode. Fixed nexus naming in CC. Changed depricated FloatMath to Math.,1445508555,Photography,0,63676068,1,18
801790,almalence/OpenCamera,FloatMath,src/com/almalence/plugins/capture/panoramaaugmented/PanoramaAugmentedCapturePlugin.java,Use java.lang.Math#sin instead of android.util.FloatMath#sin() since it is faster as of API 8,[1450]String.valueOf(FloatMath.sin(angleR))); ->[1450]String.valueOf(FloatMath.sin(angleR)));,7380258,git code prepared,1381832487,2bb4eca,Small corrections.,1445508159,b2323240,Partially fixed issue with preview on Android 6 in camera2 mode. Fixed nexus naming in CC. Changed depricated FloatMath to Math.,1445508555,Photography,0,63676068,1,18
801791,almalence/OpenCamera,FloatMath,src/com/almalence/plugins/capture/panoramaaugmented/PanoramaAugmentedCapturePlugin.java,Use java.lang.Math#sin instead of android.util.FloatMath#sin() since it is faster as of API 8,[1446]String.valueOf(-FloatMath.sin(angleR))); ->[1446]String.valueOf(-FloatMath.sin(angleR)));,7380258,git code prepared,1381832487,2bb4eca,Small corrections.,1445508159,b2323240,Partially fixed issue with preview on Android 6 in camera2 mode. Fixed nexus naming in CC. Changed depricated FloatMath to Math.,1445508555,Photography,0,63676068,1,18
801792,almalence/OpenCamera,FloatMath,src/com/almalence/plugins/capture/panoramaaugmented/PanoramaAugmentedCapturePlugin.java,Use java.lang.Math#cos instead of android.util.FloatMath#cos() since it is faster as of API 8,[1444]String.valueOf(FloatMath.cos(angleR))); ->[1444]String.valueOf(FloatMath.cos(angleR)));,7380258,git code prepared,1381832487,2bb4eca,Small corrections.,1445508159,b2323240,Partially fixed issue with preview on Android 6 in camera2 mode. Fixed nexus naming in CC. Changed depricated FloatMath to Math.,1445508555,Photography,0,63676068,1,18
801793,almalence/OpenCamera,FloatMath,src/com/almalence/plugins/capture/panoramaaugmented/PanoramaAugmentedCapturePlugin.java,Use java.lang.Math#sin instead of android.util.FloatMath#sin() since it is faster as of API 8,[1438]/ 2 * (1 - FloatMath.cos(angleR)); ->[1438]/ 2 * (1 - FloatMath.cos(angleR));,7380258,git code prepared,1381832487,2bb4eca,Small corrections.,1445508159,b2323240,Partially fixed issue with preview on Android 6 in camera2 mode. Fixed nexus naming in CC. Changed depricated FloatMath to Math.,1445508555,Photography,0,63676068,1,18
801794,almalence/OpenCamera,FloatMath,src/com/almalence/plugins/capture/panoramaaugmented/PanoramaAugmentedCapturePlugin.java,Use java.lang.Math#cos instead of android.util.FloatMath#cos() since it is faster as of API 8,[1437]PixelsShiftY += -imageSize.getWidth() / 2 * FloatMath.sin(angleR) + imageSize.getHeight() ->[1437]PixelsShiftY += -imageSize.getWidth() / 2 * FloatMath.sin(angleR) + imageSize.getHeight(),7380258,git code prepared,1381832487,2bb4eca,Small corrections.,1445508159,b2323240,Partially fixed issue with preview on Android 6 in camera2 mode. Fixed nexus naming in CC. Changed depricated FloatMath to Math.,1445508555,Photography,0,63676068,1,18
801795,almalence/OpenCamera,FloatMath,src/com/almalence/plugins/capture/panoramaaugmented/PanoramaAugmentedCapturePlugin.java,Use java.lang.Math#sin instead of android.util.FloatMath#sin() since it is faster as of API 8,[1436]+ imageSize.getHeight() / 2 * FloatMath.sin(angleR); ->[1436]+ imageSize.getHeight() / 2 * FloatMath.sin(angleR);,7380258,git code prepared,1381832487,2bb4eca,Small corrections.,1445508159,b2323240,Partially fixed issue with preview on Android 6 in camera2 mode. Fixed nexus naming in CC. Changed depricated FloatMath to Math.,1445508555,Photography,0,63676068,1,18
801796,almalence/OpenCamera,FloatMath,src/com/almalence/plugins/capture/panoramaaugmented/PanoramaAugmentedCapturePlugin.java,Use java.lang.Math#cos instead of android.util.FloatMath#cos() since it is faster as of API 8,[1435]PixelsShiftX += imageSize.getWidth() / 2 * (1 - FloatMath.cos(angleR)) ->[1435]PixelsShiftX += imageSize.getWidth() / 2 * (1 - FloatMath.cos(angleR)),7380258,git code prepared,1381832487,2bb4eca,Small corrections.,1445508159,b2323240,Partially fixed issue with preview on Android 6 in camera2 mode. Fixed nexus naming in CC. Changed depricated FloatMath to Math.,1445508555,Photography,0,63676068,1,18
801805,almalence/OpenCamera,FloatMath,src/com/almalence/plugins/capture/panoramaaugmented/AugmentedRotationListener.java,Use java.lang.Math#cos instead of android.util.FloatMath#cos() since it is faster as of API 8,[512]float cosZ = FloatMath.cos(o[0]); ->[512]float cosZ = FloatMath.cos(o[0]);,7380258,git code prepared,1381832487,2bb4eca,Small corrections.,1445508159,b2323240,Partially fixed issue with preview on Android 6 in camera2 mode. Fixed nexus naming in CC. Changed depricated FloatMath to Math.,1445508555,Photography,0,63676068,1,25
801806,almalence/OpenCamera,FloatMath,src/com/almalence/plugins/capture/panoramaaugmented/AugmentedRotationListener.java,Use java.lang.Math#sin instead of android.util.FloatMath#sin() since it is faster as of API 8,[511]float sinZ = FloatMath.sin(o[0]); ->[511]float sinZ = FloatMath.sin(o[0]);,7380258,git code prepared,1381832487,2bb4eca,Small corrections.,1445508159,b2323240,Partially fixed issue with preview on Android 6 in camera2 mode. Fixed nexus naming in CC. Changed depricated FloatMath to Math.,1445508555,Photography,0,63676068,1,25
801807,almalence/OpenCamera,FloatMath,src/com/almalence/plugins/capture/panoramaaugmented/AugmentedRotationListener.java,Use java.lang.Math#cos instead of android.util.FloatMath#cos() since it is faster as of API 8,[510]float cosY = FloatMath.cos(o[2]); ->[510]float cosY = FloatMath.cos(o[2]);,7380258,git code prepared,1381832487,2bb4eca,Small corrections.,1445508159,b2323240,Partially fixed issue with preview on Android 6 in camera2 mode. Fixed nexus naming in CC. Changed depricated FloatMath to Math.,1445508555,Photography,0,63676068,1,25
801808,almalence/OpenCamera,FloatMath,src/com/almalence/plugins/capture/panoramaaugmented/AugmentedRotationListener.java,Use java.lang.Math#sin instead of android.util.FloatMath#sin() since it is faster as of API 8,[509]float sinY = FloatMath.sin(o[2]); ->[509]float sinY = FloatMath.sin(o[2]);,7380258,git code prepared,1381832487,2bb4eca,Small corrections.,1445508159,b2323240,Partially fixed issue with preview on Android 6 in camera2 mode. Fixed nexus naming in CC. Changed depricated FloatMath to Math.,1445508555,Photography,0,63676068,1,25
801809,almalence/OpenCamera,FloatMath,src/com/almalence/plugins/capture/panoramaaugmented/AugmentedRotationListener.java,Use java.lang.Math#cos instead of android.util.FloatMath#cos() since it is faster as of API 8,[508]float cosX = FloatMath.cos(o[1]); ->[508]float cosX = FloatMath.cos(o[1]);,7380258,git code prepared,1381832487,2bb4eca,Small corrections.,1445508159,b2323240,Partially fixed issue with preview on Android 6 in camera2 mode. Fixed nexus naming in CC. Changed depricated FloatMath to Math.,1445508555,Photography,0,63676068,1,25
801810,almalence/OpenCamera,FloatMath,src/com/almalence/plugins/capture/panoramaaugmented/AugmentedRotationListener.java,Use java.lang.Math#sin instead of android.util.FloatMath#sin() since it is faster as of API 8,[507]float sinX = FloatMath.sin(o[1]); ->[507]float sinX = FloatMath.sin(o[1]);,7380258,git code prepared,1381832487,2bb4eca,Small corrections.,1445508159,b2323240,Partially fixed issue with preview on Android 6 in camera2 mode. Fixed nexus naming in CC. Changed depricated FloatMath to Math.,1445508555,Photography,0,63676068,1,25
801811,almalence/OpenCamera,FloatMath,src/com/almalence/plugins/capture/panoramaaugmented/AugmentedRotationListener.java,Use java.lang.Math#cos instead of android.util.FloatMath#cos() since it is faster as of API 8,[475]float cosThetaOverTwo = FloatMath.cos(thetaOverTwo); ->[475]float cosThetaOverTwo = FloatMath.cos(thetaOverTwo);,7380258,git code prepared,1381832487,2bb4eca,Small corrections.,1445508159,b2323240,Partially fixed issue with preview on Android 6 in camera2 mode. Fixed nexus naming in CC. Changed depricated FloatMath to Math.,1445508555,Photography,0,63676068,1,25
801812,almalence/OpenCamera,FloatMath,src/com/almalence/plugins/capture/panoramaaugmented/AugmentedRotationListener.java,Use java.lang.Math#sin instead of android.util.FloatMath#sin() since it is faster as of API 8,[474]float sinThetaOverTwo = FloatMath.sin(thetaOverTwo); ->[474]float sinThetaOverTwo = FloatMath.sin(thetaOverTwo);,7380258,git code prepared,1381832487,2bb4eca,Small corrections.,1445508159,b2323240,Partially fixed issue with preview on Android 6 in camera2 mode. Fixed nexus naming in CC. Changed depricated FloatMath to Math.,1445508555,Photography,0,63676068,1,25
801818,almalence/OpenCamera,FloatMath,src/com/almalence/plugins/capture/panoramaaugmented/AugmentedRotationListener.java,Use java.lang.Math#sqrt instead of android.util.FloatMath#sqrt() since it is faster as of API 8,[458]float omegaMagnitude = FloatMath.sqrt(gyroValues[0] * gyroValues[0] + gyroValues[1] * gyroValues[1] ->[458]float omegaMagnitude = FloatMath.sqrt(gyroValues[0] * gyroValues[0] + gyroValues[1] * gyroValues[1],d9379ce,Corrections for Yandex store,1395219579,2bb4eca,Small corrections.,1445508159,b2323240,Partially fixed issue with preview on Android 6 in camera2 mode. Fixed nexus naming in CC. Changed depricated FloatMath to Math.,1445508555,Photography,0,50288976,1,25
801819,almalence/OpenCamera,FloatMath,src/com/almalence/plugins/capture/panoramaaugmented/AugmentedRotationListener.java,Use java.lang.Math#sqrt instead of android.util.FloatMath#sqrt() since it is faster as of API 8,[284]float norm = FloatMath.sqrt(event.values[0] * event.values[0] + event.values[1] * event.values[1] ->[284]float norm = FloatMath.sqrt(event.values[0] * event.values[0] + event.values[1] * event.values[1],14c52a1,Bestshot fixes. Help fixes. Help modifications. Many small corrections.,1395731443,2bb4eca,Small corrections.,1445508159,b2323240,Partially fixed issue with preview on Android 6 in camera2 mode. Fixed nexus naming in CC. Changed depricated FloatMath to Math.,1445508555,Photography,0,49777112,1,25
801833,almalence/OpenCamera,FloatMath,src/com/almalence/plugins/capture/panoramaaugmented/AugmentedRotationListener.java,Use java.lang.Math#sqrt instead of android.util.FloatMath#sqrt() since it is faster as of API 8,[183]float g = FloatMath.sqrt(acc_filter[idx][0] * acc_filter[idx][0] + acc_filter[idx][1] * acc_filter[idx][1] ->[183]float g = FloatMath.sqrt(acc_filter[idx][0] * acc_filter[idx][0] + acc_filter[idx][1] * acc_filter[idx][1],02a7013,Panorama mode partially merged with master branch.,1399282834,2bb4eca,Small corrections.,1445508159,b2323240,Partially fixed issue with preview on Android 6 in camera2 mode. Fixed nexus naming in CC. Changed depricated FloatMath to Math.,1445508555,Photography,0,46225721,1,25
